{"val_loss": [1.7445932626724243, 1.7487671375274658, 1.1219587326049805, 1.0019532442092896, 1.1284302473068237, 0.5987427234649658, 0.31228116154670715, 0.10200333595275879, 0.32136839628219604, 0.06842942535877228, 0.6478975415229797, 0.8387997150421143, 0.10494384169578552, 0.0042352196760475636, 0.9047049283981323, 0.024595832452178, 0.4502011239528656, 0.25364407896995544, 0.10163724422454834, 0.14301550388336182, 0.20354731380939484, 0.040048979222774506, 0.11017823219299316, 0.0206364206969738, 0.31002742052078247, 0.03032838925719261, 0.008277117274701595, 0.09285842627286911, 0.06457836925983429, 0.039126791059970856, 0.40888112783432007, 0.28689929842948914, 0.17453019320964813, 0.02493205852806568, 0.024449441581964493, 0.12359254062175751, 0.0029985220171511173, 0.2706679403781891, 0.2470225840806961, 0.009727977216243744, 0.5444018244743347, 0.08436258137226105, 0.8765468597412109, 0.07094618678092957, 0.03263635188341141, 0.007145486772060394, 0.024285051971673965, 0.023761028423905373, 0.06549808382987976, 0.08977010846138, 0.010810498148202896, 0.1834103912115097, 0.03464198485016823, 0.0163449477404356, 0.04464997351169586, 0.005106799770146608, 0.006093124859035015, 0.011772594414651394, 0.011557674035429955, 0.004814824555069208, 0.0028409992810338736, 0.0016600611852481961, 0.09773793816566467, 0.008301489986479282, 0.04694501310586929, 0.04854539409279823, 0.001811987953260541, 0.00025315594393759966, 0.018846705555915833, 0.00017544798902235925, 0.0010270876809954643, 0.008314188569784164, 0.0032580541446805, 0.023902250453829765, 0.0021765700075775385], "val_accuracy": [0.453125, 0.6148648858070374, 0.6418918967247009, 0.7409909963607788, 0.7387387156486511, 0.7702702879905701, 0.815315306186676, 0.8220720887184143, 0.8536036014556885, 0.8513513803482056, 0.8626126050949097, 0.8873873949050903, 0.8738738894462585, 0.9301801919937134, 0.8896396160125732, 0.912162184715271, 0.8941441178321838, 0.9099099040031433, 0.9166666865348816, 0.9054054021835327, 0.9279279112815857, 0.9211711883544922, 0.9279279112815857, 0.9324324131011963, 0.9189189076423645, 0.9256756901741028, 0.9369369149208069, 0.9279279112815857, 0.9436936974525452, 0.9369369149208069, 0.9279279112815857, 0.9369369149208069, 0.9369369149208069, 0.9504504799842834, 0.9436936974525452, 0.9414414167404175, 0.9504504799842834, 0.9527027010917664, 0.9324324131011963, 0.957207202911377, 0.954954981803894, 0.9594594836235046, 0.954954981803894, 0.9459459185600281, 0.9617117047309875, 0.9662162065505981, 0.9504504799842834, 0.954954981803894, 0.9752252101898193, 0.9662162065505981, 0.9356435537338257, 0.955279529094696, 0.9614906907081604, 0.9583851099014282, 0.9583851099014282, 0.9739130139350891, 0.9745341539382935, 0.9807453155517578, 0.9751552939414978, 0.9763975143432617, 0.9801242351531982, 0.9763975143432617, 0.9850931763648987, 0.9832298159599304, 0.9881987571716309, 0.9881987571716309, 0.991304337978363, 0.991304337978363, 0.9919254779815674, 0.991304337978363, 0.991304337978363, 0.9919254779815674, 0.9906832575798035, 0.9894409775733948, 0.9950310587882996], "loss": [1.6749503978146802, 1.2207863647665753, 0.9669569343528491, 0.8123350653872394, 0.6992101792521125, 0.6386629158218435, 0.5376424544609633, 0.47998187205935483, 0.42783059921840694, 0.3962525605355333, 0.3641113211244545, 0.32436419551404533, 0.3257436614908628, 0.27179957864268517, 0.27711693470940946, 0.2889513034148504, 0.24150262671071016, 0.21067249879441005, 0.1878527142857545, 0.20001998874656063, 0.1932103652052763, 0.1937451621200493, 0.16331850793337663, 0.16763796662876437, 0.15521622252987421, 0.14089136734241392, 0.1284115196674462, 0.11686544117311504, 0.11718754937248106, 0.12709355773278044, 0.1158242468765918, 0.1035670657602555, 0.09247917292998008, 0.09119459444894487, 0.08177954577246403, 0.07012351070024424, 0.08484320907391668, 0.07505369012387807, 0.05849118675761575, 0.08758912169493285, 0.0704646191315963, 0.06438021453334981, 0.06554850709049943, 0.08395764341724274, 0.05547606034645256, 0.05955510491348783, 0.07671794324313234, 0.04051476964935106, 0.05642752150618812, 0.05039554896120657, 0.317938227927962, 0.22656690968295862, 0.1699045003701088, 0.1456803793955681, 0.14960520195961, 0.10281601479095082, 0.09905295726033145, 0.08410583815151869, 0.08017003104853075, 0.05720722521148449, 0.06479187637324943, 0.055627986658537805, 0.050249337465264075, 0.04302358206101628, 0.037836736058599725, 0.04134966221645604, 0.03912133210044094, 0.02883890243270976, 0.02831672158035948, 0.029404412136304865, 0.021863158568393354, 0.023211583648894935, 0.026686498228324734, 0.023279386813428973, 0.020353045139981565], "accuracy": [0.3751677870750427, 0.5248321890830994, 0.6000000238418579, 0.6630872488021851, 0.7248322367668152, 0.736912727355957, 0.781879186630249, 0.8020133972167969, 0.8281879425048828, 0.8389261960983276, 0.8604027032852173, 0.8791946172714233, 0.8771812319755554, 0.9020134210586548, 0.8869680762290955, 0.8899328708648682, 0.9153116345405579, 0.9221476316452026, 0.9382550120353699, 0.9255319237709045, 0.9207317233085632, 0.9268617033958435, 0.9436241388320923, 0.9383468627929688, 0.9401595592498779, 0.9471544623374939, 0.9503355622291565, 0.9570469856262207, 0.9594414830207825, 0.9512194991111755, 0.9570469856262207, 0.9607712626457214, 0.968157172203064, 0.9637584090232849, 0.9667553305625916, 0.9758388996124268, 0.9695122241973877, 0.9738255143165588, 0.9771811962127686, 0.9691275358200073, 0.9731543660163879, 0.9812080264091492, 0.9780585169792175, 0.9701896905899048, 0.9847074747085571, 0.9762872457504272, 0.9684563875198364, 0.9873670339584351, 0.9810298085212708, 0.9818791747093201, 0.8822325468063354, 0.9120000004768372, 0.9317209124565125, 0.9454883933067322, 0.9447441697120667, 0.9609302282333374, 0.9594418406486511, 0.968558132648468, 0.9691162705421448, 0.9806511402130127, 0.9767441749572754, 0.9780465364456177, 0.9804651141166687, 0.9856744408607483, 0.9847441911697388, 0.9851163029670715, 0.9853023290634155, 0.9906976819038391, 0.9893953204154968, 0.9905116558074951, 0.9931162595748901, 0.9918139576911926, 0.9908854365348816, 0.9931150078773499, 0.9925581216812134]}