{"val_loss": [3.1904308795928955, 0.9367987513542175, 1.6831681728363037, 1.326904296875, 1.6132590770721436, 1.570048451423645, 1.4408477544784546, 0.3949642479419708, 0.7359201908111572, 2.395940065383911, 0.3406757712364197, 0.22387775778770447, 0.5175610184669495, 0.8120282292366028, 0.2810148596763611, 0.5561381578445435, 0.3849251866340637, 1.387380599975586, 1.1203336715698242, 0.9058316946029663, 1.4567148685455322, 0.8893834352493286, 0.17257989943027496, 1.3871010541915894, 0.3785437345504761, 0.12444154173135757, 0.1805548071861267, 0.10820715129375458, 0.001976212952286005, 0.10984504222869873, 0.7480131983757019, 0.3924156427383423, 0.4135238528251648, 0.15388831496238708, 0.310377836227417, 0.07731620967388153, 0.8693515658378601, 0.2762655019760132, 0.2932291030883789, 0.7438815236091614, 0.07218478620052338, 0.2374582141637802, 0.07277277857065201, 0.16306672990322113, 0.38908350467681885, 0.6233131289482117, 0.5446579456329346, 0.32833489775657654, 0.046121299266815186, 0.10811403393745422], "val_accuracy": [0.2901785671710968, 0.38513514399528503, 0.4189189076423645, 0.5067567825317383, 0.5563063025474548, 0.5900900959968567, 0.6373873949050903, 0.6171171069145203, 0.6599099040031433, 0.5990990996360779, 0.6644144058227539, 0.619369387626648, 0.6463963985443115, 0.7364864945411682, 0.7027027010917664, 0.7522522807121277, 0.7590090036392212, 0.7680180072784424, 0.8108108043670654, 0.7545045018196106, 0.7860360145568848, 0.8355855941772461, 0.8175675868988037, 0.8265765905380249, 0.815315306186676, 0.8220720887184143, 0.8716216087341309, 0.869369387626648, 0.869369387626648, 0.8738738894462585, 0.8490990996360779, 0.8828828930854797, 0.8851351141929626, 0.8310810923576355, 0.8671171069145203, 0.8761261105537415, 0.8626126050949097, 0.8986486196517944, 0.8581081032752991, 0.8671171069145203, 0.8963963985443115, 0.8941441178321838, 0.8648648858070374, 0.8783783912658691, 0.8783783912658691, 0.880630612373352, 0.8941441178321838, 0.8738738894462585, 0.8648648858070374, 0.8986486196517944], "loss": [1.6669611199590184, 1.2414190708390818, 1.035981377659228, 0.9415253242390268, 0.8904131527715081, 0.8571259592203486, 0.7843536274145113, 0.6961256088026418, 0.6602243809091964, 0.6120822916094889, 0.6080125879521338, 0.5230657515109786, 0.49491137778198957, 0.5148226921190352, 0.44635616702602265, 0.44390304017620197, 0.4130196524585815, 0.4045777298060039, 0.43456263335416634, 0.34241089588843737, 0.3373839944001012, 0.36790935271138314, 0.3574194202487101, 0.3069485537557794, 0.3504220553692555, 0.3257775510717558, 0.253514133473026, 0.2716616411115419, 0.2939622327385333, 0.29541038699012173, 0.23945850139953256, 0.23943259916049522, 0.2309440217962201, 0.2684149217685597, 0.23282952062745996, 0.19372092476427155, 0.2091783086572418, 0.20902735126660543, 0.1888029738160588, 0.20659222373067526, 0.20099870682238263, 0.1728537819929571, 0.1892979916760592, 0.16957596793493374, 0.14050875187120182, 0.17733452796135973, 0.14609181332908222, 0.14527382133591096, 0.1529158817641687, 0.12046437316793736], "accuracy": [0.3731543719768524, 0.5053691267967224, 0.5892617702484131, 0.6261745095252991, 0.6476510167121887, 0.6778523325920105, 0.708724856376648, 0.7315436005592346, 0.7583892345428467, 0.7637583613395691, 0.7697986364364624, 0.7791946530342102, 0.8013423085212708, 0.8040268421173096, 0.8311170339584351, 0.8292682766914368, 0.8417553305625916, 0.846308708190918, 0.836720883846283, 0.8583892583847046, 0.8791946172714233, 0.863758385181427, 0.8570469617843628, 0.8825503587722778, 0.8684563636779785, 0.8838925957679749, 0.897606372833252, 0.8875339031219482, 0.8852348923683167, 0.8856382966041565, 0.9078590869903564, 0.9046980142593384, 0.9033557176589966, 0.900671124458313, 0.9135638475418091, 0.9228187799453735, 0.9214091897010803, 0.9235372543334961, 0.9288590550422668, 0.9153116345405579, 0.9182180762290955, 0.927516758441925, 0.9315718412399292, 0.9335106611251831, 0.9436241388320923, 0.935570478439331, 0.9409396052360535, 0.9442952871322632, 0.945637583732605, 0.9525745511054993]}