{"val_loss": [0.8997018933296204, 0.9282149076461792, 0.4046860933303833, 0.3274350166320801, 0.25445520877838135, 0.8254455327987671, 0.14922574162483215, 0.28363484144210815, 0.1931755244731903, 0.16251184046268463, 0.10774951428174973, 0.04047966003417969, 0.18098028004169464, 0.06558288633823395, 0.014868881553411484, 0.09624049812555313, 0.03166590631008148, 0.4775064289569855, 0.30258145928382874, 0.07061038166284561, 0.05395077168941498, 0.09390930831432343, 0.021393725648522377, 0.5539979338645935, 0.12903115153312683, 0.03494316339492798, 0.050408102571964264, 0.022792115807533264, 0.029199331998825073, 0.13487210869789124, 0.02184116467833519, 0.03331688791513443, 0.038566671311855316, 0.049589384347200394, 0.01635119318962097, 0.03898395970463753, 0.027404889464378357, 0.018718164414167404, 0.001710729324258864, 0.07630114257335663, 0.03172728791832924, 0.012210812419652939, 0.008950136601924896, 0.03967352956533432, 0.03628954663872719, 0.038811925798654556, 0.003436408704146743, 0.328014612197876, 0.014892666600644588, 0.3140093684196472], "val_accuracy": [0.5200892686843872, 0.6734234094619751, 0.7837837934494019, 0.7995495200157166, 0.8243243098258972, 0.8490990996360779, 0.8671171069145203, 0.912162184715271, 0.8716216087341309, 0.8896396160125732, 0.9009009003639221, 0.8873873949050903, 0.9099099040031433, 0.9054054021835327, 0.8918918967247009, 0.9189189076423645, 0.9324324131011963, 0.9144144058227539, 0.9504504799842834, 0.9234234094619751, 0.9504504799842834, 0.9279279112815857, 0.9594594836235046, 0.9504504799842834, 0.9436936974525452, 0.9414414167404175, 0.9391891956329346, 0.9662162065505981, 0.9481981992721558, 0.9459459185600281, 0.9508928656578064, 0.934684693813324, 0.9527027010917664, 0.9594594836235046, 0.9504504799842834, 0.9662162065505981, 0.934684693813324, 0.9436936974525452, 0.9707207083702087, 0.9617117047309875, 0.9481981992721558, 0.957207202911377, 0.9707207083702087, 0.957207202911377, 0.9707207083702087, 0.9797297120094299, 0.954954981803894, 0.9662162065505981, 0.9436936974525452, 0.9707207083702087], "loss": [1.2135016247730128, 0.8881095535803161, 0.6765576271402756, 0.5971526510763489, 0.5316750699241689, 0.4438033266355527, 0.39409775997968327, 0.3304518513631501, 0.33357650537618855, 0.28760046294871594, 0.2867612821543777, 0.2764961932329523, 0.23508992943187687, 0.21451916114595912, 0.20494861838801595, 0.20803679583856724, 0.19055315256118774, 0.18138904639038464, 0.16000972035147198, 0.1601883630824569, 0.14241181086114746, 0.12529581522715447, 0.1390986586177109, 0.10413310140771354, 0.1092318818923211, 0.11960100203552503, 0.11803342666001929, 0.082789775880767, 0.10611315619271137, 0.08817250986999654, 0.08200649190069045, 0.08350030512817753, 0.0826662473230554, 0.08294797428452329, 0.0854863924793149, 0.07311220265574904, 0.06448086081135193, 0.06627349804011767, 0.06244238606535348, 0.06005781618190692, 0.05235280791085038, 0.05561429847831894, 0.05628944261112069, 0.04290700133814908, 0.041648065412554565, 0.043965678160772625, 0.03740203081811434, 0.03780239991118644, 0.06507176549092636, 0.039726266164907674], "accuracy": [0.4577181339263916, 0.6335570216178894, 0.7476509809494019, 0.7651006579399109, 0.7879194617271423, 0.8422818779945374, 0.8469798564910889, 0.871812105178833, 0.8758389353752136, 0.8953019976615906, 0.8865771889686584, 0.8926174640655518, 0.9134228229522705, 0.9140939712524414, 0.9255033731460571, 0.9221476316452026, 0.9322147369384766, 0.935570478439331, 0.9429529905319214, 0.9395973086357117, 0.9521276354789734, 0.9552845358848572, 0.9469798803329468, 0.9583892822265625, 0.9597315192222595, 0.9543623924255371, 0.9563758373260498, 0.970079779624939, 0.9607046246528625, 0.9660904407501221, 0.972483217716217, 0.9704697728157043, 0.9711409211158752, 0.972483217716217, 0.9731543660163879, 0.9785234928131104, 0.9744966626167297, 0.9785234928131104, 0.9778523445129395, 0.9785234928131104, 0.9812080264091492, 0.9785234928131104, 0.9812080264091492, 0.9892617464065552, 0.9859060645103455, 0.9872483015060425, 0.9879194498062134, 0.9885905981063843, 0.9758388996124268, 0.9852349162101746]}